/*
 Navicat MySQL Data Transfer

 Source Server         : localhost
 Source Server Type    : MySQL
 Source Server Version : 80028
 Source Host           : localhost:3306
 Source Schema         : auth

 Target Server Type    : MySQL
 Target Server Version : 80028
 File Encoding         : 65001

 Date: 10/05/2023 23:22:18
*/

drop database if exists `haut_community`;
create database `haut_community`;
use `haut_community`;

SET NAMES utf8mb4;
SET FOREIGN_KEY_CHECKS = 0;

-- ----------------------------
-- Table structure for sys_dept
-- ----------------------------
DROP TABLE IF EXISTS `sys_dept`;
CREATE TABLE `sys_dept`  (
  `id` bigint NOT NULL AUTO_INCREMENT,
  `name` varchar(50) CHARACTER SET utf8mb4 COLLATE utf8mb4_0900_ai_ci NOT NULL DEFAULT '' COMMENT '部门名称',
  `parent_id` bigint NULL DEFAULT 0 COMMENT '上级部门id',
  `tree_path` varchar(255) CHARACTER SET utf8mb4 COLLATE utf8mb4_0900_ai_ci NULL DEFAULT ',' COMMENT '树结构',
  `sort_value` int NULL DEFAULT 1 COMMENT '排序',
  `leader` varchar(20) CHARACTER SET utf8mb4 COLLATE utf8mb4_0900_ai_ci NULL DEFAULT NULL COMMENT '负责人',
  `phone` varchar(11) CHARACTER SET utf8mb4 COLLATE utf8mb4_0900_ai_ci NULL DEFAULT NULL COMMENT '电话',
  `status` tinyint(1) NULL DEFAULT 1 COMMENT '状态（1正常 0停用）',
  `create_time` timestamp NOT NULL DEFAULT CURRENT_TIMESTAMP ON UPDATE CURRENT_TIMESTAMP,
  `update_time` timestamp NULL DEFAULT NULL ON UPDATE CURRENT_TIMESTAMP,
  `is_deleted` tinyint NOT NULL DEFAULT 0 COMMENT '删除标记（0:可用 1:已删除）',
  PRIMARY KEY (`id`) USING BTREE
) ENGINE = InnoDB AUTO_INCREMENT = 1 CHARACTER SET = utf8mb4 COLLATE = utf8mb4_0900_ai_ci COMMENT = '组织机构' ROW_FORMAT = COMPACT;

-- ----------------------------
-- Records of sys_dept
-- ----------------------------
INSERT INTO `sys_dept` VALUES (1, '硅谷集团有限公司', 0, ',1,', 1, '张老师', '15659090912', 1, '2022-05-24 16:13:13', '2022-05-24 16:13:13', 0);
INSERT INTO `sys_dept` VALUES (2, '北京校区', 1, ',1,10,', 1, '李老师', '18790007789', 1, '2022-05-24 16:13:15', '2022-05-24 16:13:15', 0);
INSERT INTO `sys_dept` VALUES (3, '上海校区', 1, ',1,20,', 1, '王老师', '15090987678', 1, '2022-05-25 14:02:25', '2022-05-25 14:02:25', 0);
INSERT INTO `sys_dept` VALUES (4, '深圳校区', 1, ',1,30,', 1, '李老师', '15090987678', 1, '2022-05-25 14:02:24', '2022-05-25 14:02:24', 0);

-- ----------------------------
-- Table structure for sys_login_log
-- ----------------------------
DROP TABLE IF EXISTS `sys_login_log`;
CREATE TABLE `sys_login_log`  (
  `id` bigint NOT NULL AUTO_INCREMENT COMMENT '访问ID',
  `username` varchar(50) CHARACTER SET utf8 COLLATE utf8_general_ci NULL DEFAULT '' COMMENT '用户账号',
  `ipaddr` varchar(128) CHARACTER SET utf8 COLLATE utf8_general_ci NULL DEFAULT '' COMMENT '登录IP地址',
  `status` tinyint(1) NULL DEFAULT 0 COMMENT '登录状态（0成功 1失败）',
  `msg` varchar(255) CHARACTER SET utf8 COLLATE utf8_general_ci NULL DEFAULT '' COMMENT '提示信息',
  `access_time` datetime NULL DEFAULT NULL COMMENT '访问时间',
  `create_time` timestamp NOT NULL DEFAULT CURRENT_TIMESTAMP ON UPDATE CURRENT_TIMESTAMP,
  `update_time` timestamp NULL DEFAULT NULL ON UPDATE CURRENT_TIMESTAMP,
  `is_deleted` tinyint NOT NULL DEFAULT 0 COMMENT '删除标记（0:可用 1:已删除）',
  PRIMARY KEY (`id`) USING BTREE
) ENGINE = InnoDB AUTO_INCREMENT = 1 CHARACTER SET = utf8 COLLATE = utf8_general_ci COMMENT = '系统访问记录' ROW_FORMAT = Dynamic;

-- ----------------------------
-- Records of sys_login_log
-- ----------------------------
INSERT INTO `sys_login_log` VALUES (1, 'admin', '0:0:0:0:0:0:0:1', 1, '登录成功', NULL, '2022-06-10 11:24:14', NULL, 0);
INSERT INTO `sys_login_log` VALUES (2, 'admin', '127.0.0.1', 1, '登录成功', NULL, '2022-06-10 11:53:43', NULL, 0);

-- ----------------------------
-- Table structure for sys_role
-- ----------------------------
DROP TABLE IF EXISTS `sys_role`;
CREATE TABLE `sys_role`  (
  `id` bigint NOT NULL AUTO_INCREMENT COMMENT '角色id',
  `role_name` varchar(20) CHARACTER SET utf8 COLLATE utf8_general_ci NOT NULL DEFAULT '' COMMENT '角色名称',
  `role_code` varchar(20) CHARACTER SET utf8 COLLATE utf8_general_ci NULL DEFAULT NULL COMMENT '角色编码',
  `description` varchar(255) CHARACTER SET utf8 COLLATE utf8_general_ci NULL DEFAULT NULL COMMENT '描述',
  `create_time` timestamp NOT NULL DEFAULT CURRENT_TIMESTAMP COMMENT '创建时间',
  `update_time` timestamp NOT NULL DEFAULT CURRENT_TIMESTAMP ON UPDATE CURRENT_TIMESTAMP COMMENT '更新时间',
  `is_deleted` tinyint NOT NULL DEFAULT 0 COMMENT '删除标记（0:可用 1:已删除）',
  PRIMARY KEY (`id`) USING BTREE
) ENGINE = InnoDB AUTO_INCREMENT = 1 CHARACTER SET = utf8 COLLATE = utf8_general_ci COMMENT = '角色' ROW_FORMAT = Dynamic;

-- ----------------------------
-- Records of sys_role
-- ----------------------------
INSERT INTO `sys_role` VALUES (1, '系统管理员', 'SYSTEM', '系统管理员', '2021-05-31 18:09:18', '2022-06-08 09:21:10', 0);
INSERT INTO `sys_role` VALUES (2, '普通管理员', 'COMMON', '普通管理员', '2021-06-01 08:38:40', '2022-02-24 10:42:46', 0);
INSERT INTO `sys_role` VALUES (3, '用户管理员', 'yhgly', '用户管理员', '2022-06-08 17:39:04', '2022-06-08 17:39:04', 0);

-- ----------------------------
-- Table structure for sys_user
-- ----------------------------
DROP TABLE IF EXISTS `sys_user`;
CREATE TABLE `sys_user`  (
  `id` bigint NOT NULL AUTO_INCREMENT COMMENT '会员id',
  `username` varchar(20) CHARACTER SET utf8mb4 COLLATE utf8mb4_0900_ai_ci NOT NULL DEFAULT '' COMMENT '用户名',
  `password` varchar(32) CHARACTER SET utf8mb4 COLLATE utf8mb4_0900_ai_ci NOT NULL DEFAULT '' COMMENT '密码',
  `name` varchar(50) CHARACTER SET utf8mb4 COLLATE utf8mb4_0900_ai_ci NULL DEFAULT NULL COMMENT '姓名',
  `phone` varchar(11) CHARACTER SET utf8mb4 COLLATE utf8mb4_0900_ai_ci NULL DEFAULT NULL COMMENT '手机',
  `head_url` varchar(200) CHARACTER SET utf8mb4 COLLATE utf8mb4_0900_ai_ci NULL DEFAULT NULL COMMENT '头像地址',
  `dept_id` bigint NULL DEFAULT NULL COMMENT '部门id',
  `post_id` bigint NULL DEFAULT NULL COMMENT '岗位id',
  `description` varchar(255) CHARACTER SET utf8mb4 COLLATE utf8mb4_0900_ai_ci NULL DEFAULT NULL COMMENT '描述',
  `status` tinyint NULL DEFAULT NULL COMMENT '状态（1：正常 0：停用）',
  `create_time` timestamp NOT NULL DEFAULT CURRENT_TIMESTAMP COMMENT '创建时间',
  `update_time` timestamp NOT NULL DEFAULT CURRENT_TIMESTAMP ON UPDATE CURRENT_TIMESTAMP COMMENT '更新时间',
  `is_deleted` tinyint NOT NULL DEFAULT 0 COMMENT '删除标记（0:可用 1:已删除）',
  PRIMARY KEY (`id`) USING BTREE,
  UNIQUE INDEX `idx_username`(`username`) USING BTREE
) ENGINE = InnoDB AUTO_INCREMENT = 1 CHARACTER SET = utf8mb4 COLLATE = utf8mb4_0900_ai_ci COMMENT = '用户表' ROW_FORMAT = Dynamic;

-- ----------------------------
-- Records of sys_user
-- ----------------------------
INSERT INTO `sys_user` VALUES (1, 'admin', '96e79218965eb72c92a549dd5a330112', 'admin', '15099909888', 'http://r61cnlsfq.hn-bkt.clouddn.com/7daa4595-dfde-45da-8513-c5c2b81d20cc', 1021, 5, NULL, 1, '2021-05-31 18:08:43', '2022-05-25 11:34:25', 0);
INSERT INTO `sys_user` VALUES (2, 'wangqq', '96e79218965eb72c92a549dd5a330112', '王倩倩', '15010546381', 'http://r61cnlsfq.hn-bkt.clouddn.com/b09b3467-3d99-437a-bd2e-dd8c9be92bb8', 1022, 6, NULL, 1, '2022-02-08 10:35:38', '2022-05-25 15:58:31', 0);
INSERT INTO `sys_user` VALUES (3, 'wanggang', '96e79218965eb72c92a549dd5a330112', '王刚', '18909098909', NULL, 1024, 5, NULL, 0, '2022-05-24 11:05:40', '2022-06-02 10:19:25', 0);
INSERT INTO `sys_user` VALUES (4, 'authTest', '96e79218965eb72c92a549dd5a330112', 'authTest', '1234456', NULL, NULL, NULL, NULL, 1, '2023-05-10 23:19:32', '2023-05-10 23:19:32', 0);

-- ----------------------------
-- Table structure for sys_user_role
-- ----------------------------
DROP TABLE IF EXISTS `sys_user_role`;
CREATE TABLE `sys_user_role`  (
  `id` bigint NOT NULL AUTO_INCREMENT COMMENT '主键id',
  `role_id` bigint NOT NULL DEFAULT 0 COMMENT '角色id',
  `user_id` bigint NOT NULL DEFAULT 0 COMMENT '用户id',
  `create_time` timestamp NOT NULL DEFAULT CURRENT_TIMESTAMP COMMENT '创建时间',
  `update_time` timestamp NOT NULL DEFAULT CURRENT_TIMESTAMP ON UPDATE CURRENT_TIMESTAMP COMMENT '更新时间',
  `is_deleted` tinyint NOT NULL DEFAULT 0 COMMENT '删除标记（0:可用 1:已删除）',
  PRIMARY KEY (`id`) USING BTREE,
  INDEX `idx_role_id`(`role_id`) USING BTREE,
  INDEX `idx_admin_id`(`user_id`) USING BTREE
) ENGINE = InnoDB AUTO_INCREMENT = 1 CHARACTER SET = utf8 COLLATE = utf8_general_ci COMMENT = '用户角色' ROW_FORMAT = Dynamic;

-- ----------------------------
-- Records of sys_user_role
-- ----------------------------
INSERT INTO `sys_user_role` VALUES (2, 2, 2, '2022-01-20 20:49:37', '2022-02-24 10:43:07', 0);
INSERT INTO `sys_user_role` VALUES (3, 1, 1, '2022-05-19 10:37:27', '2022-05-24 16:55:53', 1);
INSERT INTO `sys_user_role` VALUES (4, 2, 1, '2022-05-19 10:37:27', '2022-05-24 16:55:53', 1);
INSERT INTO `sys_user_role` VALUES (5, 1, 1, '2022-05-24 16:55:53', '2023-05-09 22:19:52', 1);
INSERT INTO `sys_user_role` VALUES (6, 2, 3, '2022-05-25 16:09:31', '2023-05-09 22:19:40', 1);
INSERT INTO `sys_user_role` VALUES (7, 2, 4, '2022-06-02 11:08:14', '2022-06-02 11:15:36', 1);
INSERT INTO `sys_user_role` VALUES (8, 2, 4, '2022-06-02 11:15:36', '2022-06-02 16:10:53', 1);
INSERT INTO `sys_user_role` VALUES (9, 1, 4, '2022-06-02 11:15:36', '2022-06-02 16:10:53', 1);
INSERT INTO `sys_user_role` VALUES (10, 1, 4, '2022-06-02 16:10:53', '2022-06-02 16:10:53', 0);

SET FOREIGN_KEY_CHECKS = 1;
